{"X_min": [-0.9749279022216797, -0.9009688496589661, -0.8660253882408142, 6.123234262925839e-17, 0.0, 0.0, 0.0], "X_max": [0.9749279022216797, 1.0, 1.0, 1.0, 1.0, 1.0, 1.0], "y_min": [0.0, 1.0, 0.0, 0.0, 0.0, 0.0, 0.0], "y_max": [54.0, 31.0, 16.0, 7.0, 27.0, 15.0, 24.0]}