{"(0, 0)": {"Venta_Cafe": 25.0, "Venta_Bread": 10.941176470588236, "Venta_Pastry": 1.8823529411764706, "Venta_Cookies": 2.2941176470588234, "Venta_Cake": 4.529411764705882, "Venta_Muffin": 1.8235294117647058, "Venta_Medialuna": 3.2941176470588234}, "(0, 1)": {"Venta_Cafe": 20.764705882352942, "Venta_Bread": 7.705882352941177, "Venta_Pastry": 4.176470588235294, "Venta_Cookies": 1.411764705882353, "Venta_Cake": 1.0, "Venta_Muffin": 1.0588235294117647, "Venta_Medialuna": 3.176470588235294}, "(1, 0)": {"Venta_Cafe": 23.526315789473685, "Venta_Bread": 8.052631578947368, "Venta_Pastry": 1.894736842105263, "Venta_Cookies": 1.9473684210526316, "Venta_Cake": 5.157894736842105, "Venta_Muffin": 0.9473684210526315, "Venta_Medialuna": 3.526315789473684}, "(1, 1)": {"Venta_Cafe": 18.263157894736842, "Venta_Bread": 8.052631578947368, "Venta_Pastry": 3.5789473684210527, "Venta_Cookies": 0.9473684210526315, "Venta_Cake": 1.4210526315789473, "Venta_Muffin": 0.631578947368421, "Venta_Medialuna": 3.0}, "(2, 0)": {"Venta_Cafe": 22.473684210526315, "Venta_Bread": 9.210526315789474, "Venta_Pastry": 1.631578947368421, "Venta_Cookies": 1.736842105263158, "Venta_Cake": 4.7368421052631575, "Venta_Muffin": 0.7368421052631579, "Venta_Medialuna": 2.3684210526315788}, "(2, 1)": {"Venta_Cafe": 16.789473684210527, "Venta_Bread": 9.473684210526315, "Venta_Pastry": 3.1578947368421053, "Venta_Cookies": 0.631578947368421, "Venta_Cake": 1.368421052631579, "Venta_Muffin": 0.47368421052631576, "Venta_Medialuna": 3.1052631578947367}, "(3, 0)": {"Venta_Cafe": 24.27777777777778, "Venta_Bread": 11.777777777777779, "Venta_Pastry": 2.0555555555555554, "Venta_Cookies": 1.7777777777777777, "Venta_Cake": 5.444444444444445, "Venta_Muffin": 0.9444444444444444, "Venta_Medialuna": 3.5}, "(3, 1)": {"Venta_Cafe": 19.333333333333332, "Venta_Bread": 9.11111111111111, "Venta_Pastry": 3.6666666666666665, "Venta_Cookies": 1.7222222222222223, "Venta_Cake": 2.7777777777777777, "Venta_Muffin": 0.7222222222222222, "Venta_Medialuna": 3.1666666666666665}, "(4, 0)": {"Venta_Cafe": 27.166666666666668, "Venta_Bread": 12.277777777777779, "Venta_Pastry": 4.277777777777778, "Venta_Cookies": 1.8333333333333333, "Venta_Cake": 5.555555555555555, "Venta_Muffin": 0.9444444444444444, "Venta_Medialuna": 4.5}, "(4, 1)": {"Venta_Cafe": 24.0, "Venta_Bread": 11.88888888888889, "Venta_Pastry": 4.0, "Venta_Cookies": 1.5555555555555556, "Venta_Cake": 2.6666666666666665, "Venta_Muffin": 0.9444444444444444, "Venta_Medialuna": 4.5}, "(5, 0)": {"Venta_Cafe": 40.27777777777778, "Venta_Bread": 16.333333333333332, "Venta_Pastry": 5.222222222222222, "Venta_Cookies": 1.7777777777777777, "Venta_Cake": 9.833333333333334, "Venta_Muffin": 2.388888888888889, "Venta_Medialuna": 6.055555555555555}, "(5, 1)": {"Venta_Cafe": 30.77777777777778, "Venta_Bread": 19.166666666666668, "Venta_Pastry": 8.38888888888889, "Venta_Cookies": 1.2222222222222223, "Venta_Cake": 4.777777777777778, "Venta_Muffin": 1.4444444444444444, "Venta_Medialuna": 9.277777777777779}, "(6, 0)": {"Venta_Cafe": 32.294117647058826, "Venta_Bread": 12.235294117647058, "Venta_Pastry": 2.9411764705882355, "Venta_Cookies": 2.0588235294117645, "Venta_Cake": 7.294117647058823, "Venta_Muffin": 1.2941176470588236, "Venta_Medialuna": 6.470588235294118}, "(6, 1)": {"Venta_Cafe": 21.944444444444443, "Venta_Bread": 11.0, "Venta_Pastry": 5.333333333333333, "Venta_Cookies": 0.7777777777777778, "Venta_Cake": 2.5555555555555554, "Venta_Muffin": 1.4444444444444444, "Venta_Medialuna": 5.611111111111111}}